DateKey,FullDate,Year,Month,DayOfWeek
20010101,2001-01-01,2001,1,Monday
20010102,2001-01-02,2001,1,Tuesday
20010103,2001-01-03,2001,1,Wednesday
20010104,2001-01-04,2001,1,Thursday
20010105,2001-01-05,2001,1,Friday
20010106,2001-01-06,2001,1,Saturday
20010107,2001-01-07,2001,1,Sunday
20010108,2001-01-08,2001,1,Monday
20010109,2001-01-09,2001,1,Tuesday
20010110,2001-01-10,2001,1,Wednesday
20010111,2001-01-11,2001,1,Thursday
20010112,2001-01-12,2001,1,Friday
20010113,2001-01-13,2001,1,Saturday
20010114,2001-01-14,2001,1,Sunday
20010115,2001-01-15,2001,1,Monday
20010116,2001-01-16,2001,1,Tuesday
20010117,2001-01-17,2001,1,Wednesday
20010118,2001-01-18,2001,1,Thursday
20010119,2001-01-19,2001,1,Friday
20010120,2001-01-20,2001,1,Saturday
20010121,2001-01-21,2001,1,Sunday
20010122,2001-01-22,2001,1,Monday
20010123,2001-01-23,2001,1,Tuesday
20010124,2001-01-24,2001,1,Wednesday
20010125,2001-01-25,2001,1,Thursday
20010126,2001-01-26,2001,1,Friday
20010127,2001-01-27,2001,1,Saturday
20010128,2001-01-28,2001,1,Sunday
20010129,2001-01-29,2001,1,Monday
20010130,2001-01-30,2001,1,Tuesday
20010131,2001-01-31,2001,1,Wednesday
20010201,2001-02-01,2001,2,Thursday
20010202,2001-02-02,2001,2,Friday
20010203,2001-02-03,2001,2,Saturday
20010204,2001-02-04,2001,2,Sunday
20010205,2001-02-05,2001,2,Monday
20010206,2001-02-06,2001,2,Tuesday
20010207,2001-02-07,2001,2,Wednesday
20010208,2001-02-08,2001,2,Thursday
20010209,2001-02-09,2001,2,Friday
20010210,2001-02-10,2001,2,Saturday
20010211,2001-02-11,2001,2,Sunday
20010212,2001-02-12,2001,2,Monday
20010213,2001-02-13,2001,2,Tuesday
20010214,2001-02-14,2001,2,Wednesday
20010215,2001-02-15,2001,2,Thursday
20010216,2001-02-16,2001,2,Friday
20010217,2001-02-17,2001,2,Saturday
20010218,2001-02-18,2001,2,Sunday
20010219,2001-02-19,2001,2,Monday
20010220,2001-02-20,2001,2,Tuesday
20010221,2001-02-21,2001,2,Wednesday
20010222,2001-02-22,2001,2,Thursday
20010223,2001-02-23,2001,2,Friday
20010224,2001-02-24,2001,2,Saturday
20010225,2001-02-25,2001,2,Sunday
20010226,2001-02-26,2001,2,Monday
20010227,2001-02-27,2001,2,Tuesday
20010228,2001-02-28,2001,2,Wednesday
20010301,2001-03-01,2001,3,Thursday
20010302,2001-03-02,2001,3,Friday
20010303,2001-03-03,2001,3,Saturday
20010304,2001-03-04,2001,3,Sunday
20010305,2001-03-05,2001,3,Monday
20010306,2001-03-06,2001,3,Tuesday
20010307,2001-03-07,2001,3,Wednesday
20010308,2001-03-08,2001,3,Thursday
20010309,2001-03-09,2001,3,Friday
20010310,2001-03-10,2001,3,Saturday
20010311,2001-03-11,2001,3,Sunday
20010312,2001-03-12,2001,3,Monday
20010313,2001-03-13,2001,3,Tuesday
20010314,2001-03-14,2001,3,Wednesday
20010315,2001-03-15,2001,3,Thursday
20010316,2001-03-16,2001,3,Friday
20010317,2001-03-17,2001,3,Saturday
20010318,2001-03-18,2001,3,Sunday
20010319,2001-03-19,2001,3,Monday
20010320,2001-03-20,2001,3,Tuesday
20010321,2001-03-21,2001,3,Wednesday
20010322,2001-03-22,2001,3,Thursday
20010323,2001-03-23,2001,3,Friday
20010324,2001-03-24,2001,3,Saturday
20010325,2001-03-25,2001,3,Sunday
20010326,2001-03-26,2001,3,Monday
20010327,2001-03-27,2001,3,Tuesday
20010328,2001-03-28,2001,3,Wednesday
20010329,2001-03-29,2001,3,Thursday
20010330,2001-03-30,2001,3,Friday
20010331,2001-03-31,2001,3,Saturday
20010401,2001-04-01,2001,4,Sunday
20010402,2001-04-02,2001,4,Monday
20010403,2001-04-03,2001,4,Tuesday
20010404,2001-04-04,2001,4,Wednesday
20010405,2001-04-05,2001,4,Thursday
20010406,2001-04-06,2001,4,Friday
20010407,2001-04-07,2001,4,Saturday
20010408,2001-04-08,2001,4,Sunday
20010409,2001-04-09,2001,4,Monday
20010410,2001-04-10,2001,4,Tuesday
20010411,2001-04-11,2001,4,Wednesday
20010412,2001-04-12,2001,4,Thursday
20010413,2001-04-13,2001,4,Friday
20010414,2001-04-14,2001,4,Saturday
20010415,2001-04-15,2001,4,Sunday
20010416,2001-04-16,2001,4,Monday
20010417,2001-04-17,2001,4,Tuesday
20010418,2001-04-18,2001,4,Wednesday
20010419,2001-04-19,2001,4,Thursday
20010420,2001-04-20,2001,4,Friday
20010421,2001-04-21,2001,4,Saturday
20010422,2001-04-22,2001,4,Sunday
20010423,2001-04-23,2001,4,Monday
20010424,2001-04-24,2001,4,Tuesday
20010425,2001-04-25,2001,4,Wednesday
20010426,2001-04-26,2001,4,Thursday
20010427,2001-04-27,2001,4,Friday
20010428,2001-04-28,2001,4,Saturday
20010429,2001-04-29,2001,4,Sunday
20010430,2001-04-30,2001,4,Monday
20010501,2001-05-01,2001,5,Tuesday
20010502,2001-05-02,2001,5,Wednesday
20010503,2001-05-03,2001,5,Thursday
20010504,2001-05-04,2001,5,Friday
20010505,2001-05-05,2001,5,Saturday
20010506,2001-05-06,2001,5,Sunday
20010507,2001-05-07,2001,5,Monday
20010508,2001-05-08,2001,5,Tuesday
20010509,2001-05-09,2001,5,Wednesday
20010510,2001-05-10,2001,5,Thursday
20010511,2001-05-11,2001,5,Friday
20010512,2001-05-12,2001,5,Saturday
20010513,2001-05-13,2001,5,Sunday
20010514,2001-05-14,2001,5,Monday
20010515,2001-05-15,2001,5,Tuesday
20010516,2001-05-16,2001,5,Wednesday
20010517,2001-05-17,2001,5,Thursday
20010518,2001-05-18,2001,5,Friday
20010519,2001-05-19,2001,5,Saturday
20010520,2001-05-20,2001,5,Sunday
20010521,2001-05-21,2001,5,Monday
20010522,2001-05-22,2001,5,Tuesday
20010523,2001-05-23,2001,5,Wednesday
20010524,2001-05-24,2001,5,Thursday
20010525,2001-05-25,2001,5,Friday
20010526,2001-05-26,2001,5,Saturday
20010527,2001-05-27,2001,5,Sunday
20010528,2001-05-28,2001,5,Monday
20010529,2001-05-29,2001,5,Tuesday
20010530,2001-05-30,2001,5,Wednesday
20010531,2001-05-31,2001,5,Thursday
20010601,2001-06-01,2001,6,Friday
20010602,2001-06-02,2001,6,Saturday
20010603,2001-06-03,2001,6,Sunday
20010604,2001-06-04,2001,6,Monday
20010605,2001-06-05,2001,6,Tuesday
20010606,2001-06-06,2001,6,Wednesday
20010607,2001-06-07,2001,6,Thursday
20010608,2001-06-08,2001,6,Friday
20010609,2001-06-09,2001,6,Saturday
20010610,2001-06-10,2001,6,Sunday
20010611,2001-06-11,2001,6,Monday
20010612,2001-06-12,2001,6,Tuesday
20010613,2001-06-13,2001,6,Wednesday
20010614,2001-06-14,2001,6,Thursday
20010615,2001-06-15,2001,6,Friday
20010616,2001-06-16,2001,6,Saturday
20010617,2001-06-17,2001,6,Sunday
20010618,2001-06-18,2001,6,Monday
20010619,2001-06-19,2001,6,Tuesday
20010620,2001-06-20,2001,6,Wednesday
20010621,2001-06-21,2001,6,Thursday
20010622,2001-06-22,2001,6,Friday
20010623,2001-06-23,2001,6,Saturday
20010624,2001-06-24,2001,6,Sunday
20010625,2001-06-25,2001,6,Monday
20010626,2001-06-26,2001,6,Tuesday
20010627,2001-06-27,2001,6,Wednesday
20010628,2001-06-28,2001,6,Thursday
20010629,2001-06-29,2001,6,Friday
20010630,2001-06-30,2001,6,Saturday
20010701,2001-07-01,2001,7,Sunday
20010702,2001-07-02,2001,7,Monday
20010703,2001-07-03,2001,7,Tuesday
20010704,2001-07-04,2001,7,Wednesday
20010705,2001-07-05,2001,7,Thursday
20010706,2001-07-06,2001,7,Friday
20010707,2001-07-07,2001,7,Saturday
20010708,2001-07-08,2001,7,Sunday
20010709,2001-07-09,2001,7,Monday
20010710,2001-07-10,2001,7,Tuesday
20010711,2001-07-11,2001,7,Wednesday
20010712,2001-07-12,2001,7,Thursday
20010713,2001-07-13,2001,7,Friday
20010714,2001-07-14,2001,7,Saturday
20010715,2001-07-15,2001,7,Sunday
20010716,2001-07-16,2001,7,Monday
20010717,2001-07-17,2001,7,Tuesday
20010718,2001-07-18,2001,7,Wednesday
20010719,2001-07-19,2001,7,Thursday
20010720,2001-07-20,2001,7,Friday
20010721,2001-07-21,2001,7,Saturday
20010722,2001-07-22,2001,7,Sunday
20010723,2001-07-23,2001,7,Monday
20010724,2001-07-24,2001,7,Tuesday
20010725,2001-07-25,2001,7,Wednesday
20010726,2001-07-26,2001,7,Thursday
20010727,2001-07-27,2001,7,Friday
20010728,2001-07-28,2001,7,Saturday
20010729,2001-07-29,2001,7,Sunday
20010730,2001-07-30,2001,7,Monday
20010731,2001-07-31,2001,7,Tuesday
20010801,2001-08-01,2001,8,Wednesday
20010802,2001-08-02,2001,8,Thursday
20010803,2001-08-03,2001,8,Friday
20010804,2001-08-04,2001,8,Saturday
20010805,2001-08-05,2001,8,Sunday
20010806,2001-08-06,2001,8,Monday
20010807,2001-08-07,2001,8,Tuesday
20010808,2001-08-08,2001,8,Wednesday
20010809,2001-08-09,2001,8,Thursday
20010810,2001-08-10,2001,8,Friday
20010811,2001-08-11,2001,8,Saturday
20010812,2001-08-12,2001,8,Sunday
20010813,2001-08-13,2001,8,Monday
20010814,2001-08-14,2001,8,Tuesday
20010815,2001-08-15,2001,8,Wednesday
20010816,2001-08-16,2001,8,Thursday
20010817,2001-08-17,2001,8,Friday
20010818,2001-08-18,2001,8,Saturday
20010819,2001-08-19,2001,8,Sunday
20010820,2001-08-20,2001,8,Monday
20010821,2001-08-21,2001,8,Tuesday
20010822,2001-08-22,2001,8,Wednesday
20010823,2001-08-23,2001,8,Thursday
20010824,2001-08-24,2001,8,Friday
20010825,2001-08-25,2001,8,Saturday
20010826,2001-08-26,2001,8,Sunday
20010827,2001-08-27,2001,8,Monday
20010828,2001-08-28,2001,8,Tuesday
20010829,2001-08-29,2001,8,Wednesday
20010830,2001-08-30,2001,8,Thursday
20010831,2001-08-31,2001,8,Friday
20010901,2001-09-01,2001,9,Saturday
20010902,2001-09-02,2001,9,Sunday
20010903,2001-09-03,2001,9,Monday
20010904,2001-09-04,2001,9,Tuesday
20010905,2001-09-05,2001,9,Wednesday
20010906,2001-09-06,2001,9,Thursday
20010907,2001-09-07,2001,9,Friday
20010908,2001-09-08,2001,9,Saturday
20010909,2001-09-09,2001,9,Sunday
20010910,2001-09-10,2001,9,Monday
20010911,2001-09-11,2001,9,Tuesday
20010912,2001-09-12,2001,9,Wednesday
20010913,2001-09-13,2001,9,Thursday
20010914,2001-09-14,2001,9,Friday
20010915,2001-09-15,2001,9,Saturday
20010916,2001-09-16,2001,9,Sunday
20010917,2001-09-17,2001,9,Monday
20010918,2001-09-18,2001,9,Tuesday
20010919,2001-09-19,2001,9,Wednesday
20010920,2001-09-20,2001,9,Thursday
20010921,2001-09-21,2001,9,Friday
20010922,2001-09-22,2001,9,Saturday
20010923,2001-09-23,2001,9,Sunday
20010924,2001-09-24,2001,9,Monday
20010925,2001-09-25,2001,9,Tuesday
20010926,2001-09-26,2001,9,Wednesday
20010927,2001-09-27,2001,9,Thursday
20010928,2001-09-28,2001,9,Friday
20010929,2001-09-29,2001,9,Saturday
20010930,2001-09-30,2001,9,Sunday
20011001,2001-10-01,2001,10,Monday
20011002,2001-10-02,2001,10,Tuesday
20011003,2001-10-03,2001,10,Wednesday
20011004,2001-10-04,2001,10,Thursday
20011005,2001-10-05,2001,10,Friday
20011006,2001-10-06,2001,10,Saturday
20011007,2001-10-07,2001,10,Sunday
20011008,2001-10-08,2001,10,Monday
20011009,2001-10-09,2001,10,Tuesday
20011010,2001-10-10,2001,10,Wednesday
20011011,2001-10-11,2001,10,Thursday
20011012,2001-10-12,2001,10,Friday
20011013,2001-10-13,2001,10,Saturday
20011014,2001-10-14,2001,10,Sunday
20011015,2001-10-15,2001,10,Monday
20011016,2001-10-16,2001,10,Tuesday
20011017,2001-10-17,2001,10,Wednesday
20011018,2001-10-18,2001,10,Thursday
20011019,2001-10-19,2001,10,Friday
20011020,2001-10-20,2001,10,Saturday
20011021,2001-10-21,2001,10,Sunday
20011022,2001-10-22,2001,10,Monday
20011023,2001-10-23,2001,10,Tuesday
20011024,2001-10-24,2001,10,Wednesday
20011025,2001-10-25,2001,10,Thursday
20011026,2001-10-26,2001,10,Friday
20011027,2001-10-27,2001,10,Saturday
20011028,2001-10-28,2001,10,Sunday
20011029,2001-10-29,2001,10,Monday
20011030,2001-10-30,2001,10,Tuesday
20011031,2001-10-31,2001,10,Wednesday
20011101,2001-11-01,2001,11,Thursday
20011102,2001-11-02,2001,11,Friday
20011103,2001-11-03,2001,11,Saturday
20011104,2001-11-04,2001,11,Sunday
20011105,2001-11-05,2001,11,Monday
20011106,2001-11-06,2001,11,Tuesday
20011107,2001-11-07,2001,11,Wednesday
20011108,2001-11-08,2001,11,Thursday
20011109,2001-11-09,2001,11,Friday
20011110,2001-11-10,2001,11,Saturday
20011111,2001-11-11,2001,11,Sunday
20011112,2001-11-12,2001,11,Monday
20011113,2001-11-13,2001,11,Tuesday
20011114,2001-11-14,2001,11,Wednesday
20011115,2001-11-15,2001,11,Thursday
20011116,2001-11-16,2001,11,Friday
20011117,2001-11-17,2001,11,Saturday
20011118,2001-11-18,2001,11,Sunday
20011119,2001-11-19,2001,11,Monday
20011120,2001-11-20,2001,11,Tuesday
20011121,2001-11-21,2001,11,Wednesday
20011122,2001-11-22,2001,11,Thursday
20011123,2001-11-23,2001,11,Friday
20011124,2001-11-24,2001,11,Saturday
20011125,2001-11-25,2001,11,Sunday
20011126,2001-11-26,2001,11,Monday
20011127,2001-11-27,2001,11,Tuesday
20011128,2001-11-28,2001,11,Wednesday
20011129,2001-11-29,2001,11,Thursday
20011130,2001-11-30,2001,11,Friday
20011201,2001-12-01,2001,12,Saturday
20011202,2001-12-02,2001,12,Sunday
20011203,2001-12-03,2001,12,Monday
20011204,2001-12-04,2001,12,Tuesday
20011205,2001-12-05,2001,12,Wednesday
20011206,2001-12-06,2001,12,Thursday
20011207,2001-12-07,2001,12,Friday
20011208,2001-12-08,2001,12,Saturday
20011209,2001-12-09,2001,12,Sunday
20011210,2001-12-10,2001,12,Monday
20011211,2001-12-11,2001,12,Tuesday
20011212,2001-12-12,2001,12,Wednesday
20011213,2001-12-13,2001,12,Thursday
20011214,2001-12-14,2001,12,Friday
20011215,2001-12-15,2001,12,Saturday
20011216,2001-12-16,2001,12,Sunday
20011217,2001-12-17,2001,12,Monday
20011218,2001-12-18,2001,12,Tuesday
20011219,2001-12-19,2001,12,Wednesday
20011220,2001-12-20,2001,12,Thursday
20011221,2001-12-21,2001,12,Friday
20011222,2001-12-22,2001,12,Saturday
20011223,2001-12-23,2001,12,Sunday
20011224,2001-12-24,2001,12,Monday
20011225,2001-12-25,2001,12,Tuesday
20011226,2001-12-26,2001,12,Wednesday
20011227,2001-12-27,2001,12,Thursday
20011228,2001-12-28,2001,12,Friday
20011229,2001-12-29,2001,12,Saturday
20011230,2001-12-30,2001,12,Sunday
20011231,2001-12-31,2001,12,Monday
20020101,2002-01-01,2002,1,Tuesday
20020102,2002-01-02,2002,1,Wednesday
20020103,2002-01-03,2002,1,Thursday
20020104,2002-01-04,2002,1,Friday
20020105,2002-01-05,2002,1,Saturday
20020106,2002-01-06,2002,1,Sunday
20020107,2002-01-07,2002,1,Monday
20020108,2002-01-08,2002,1,Tuesday
20020109,2002-01-09,2002,1,Wednesday
20020110,2002-01-10,2002,1,Thursday
20020111,2002-01-11,2002,1,Friday
20020112,2002-01-12,2002,1,Saturday
20020113,2002-01-13,2002,1,Sunday
20020114,2002-01-14,2002,1,Monday
20020115,2002-01-15,2002,1,Tuesday
20020116,2002-01-16,2002,1,Wednesday
20020117,2002-01-17,2002,1,Thursday
20020118,2002-01-18,2002,1,Friday
20020119,2002-01-19,2002,1,Saturday
20020120,2002-01-20,2002,1,Sunday
20020121,2002-01-21,2002,1,Monday
20020122,2002-01-22,2002,1,Tuesday
20020123,2002-01-23,2002,1,Wednesday
20020124,2002-01-24,2002,1,Thursday
20020125,2002-01-25,2002,1,Friday
20020126,2002-01-26,2002,1,Saturday
20020127,2002-01-27,2002,1,Sunday
20020128,2002-01-28,2002,1,Monday
20020129,2002-01-29,2002,1,Tuesday
20020130,2002-01-30,2002,1,Wednesday
20020131,2002-01-31,2002,1,Thursday
20020201,2002-02-01,2002,2,Friday
20020202,2002-02-02,2002,2,Saturday
20020203,2002-02-03,2002,2,Sunday
20020204,2002-02-04,2002,2,Monday
20020205,2002-02-05,2002,2,Tuesday
20020206,2002-02-06,2002,2,Wednesday
20020207,2002-02-07,2002,2,Thursday
20020208,2002-02-08,2002,2,Friday
20020209,2002-02-09,2002,2,Saturday
20020210,2002-02-10,2002,2,Sunday
20020211,2002-02-11,2002,2,Monday
20020212,2002-02-12,2002,2,Tuesday
20020213,2002-02-13,2002,2,Wednesday
20020214,2002-02-14,2002,2,Thursday
20020215,2002-02-15,2002,2,Friday
20020216,2002-02-16,2002,2,Saturday
20020217,2002-02-17,2002,2,Sunday
20020218,2002-02-18,2002,2,Monday
20020219,2002-02-19,2002,2,Tuesday
20020220,2002-02-20,2002,2,Wednesday
20020221,2002-02-21,2002,2,Thursday
20020222,2002-02-22,2002,2,Friday
20020223,2002-02-23,2002,2,Saturday
20020224,2002-02-24,2002,2,Sunday
20020225,2002-02-25,2002,2,Monday
20020226,2002-02-26,2002,2,Tuesday
20020227,2002-02-27,2002,2,Wednesday
20020228,2002-02-28,2002,2,Thursday
20020301,2002-03-01,2002,3,Friday
20020302,2002-03-02,2002,3,Saturday
20020303,2002-03-03,2002,3,Sunday
20020304,2002-03-04,2002,3,Monday
20020305,2002-03-05,2002,3,Tuesday
20020306,2002-03-06,2002,3,Wednesday
20020307,2002-03-07,2002,3,Thursday
20020308,2002-03-08,2002,3,Friday
20020309,2002-03-09,2002,3,Saturday
20020310,2002-03-10,2002,3,Sunday
20020311,2002-03-11,2002,3,Monday
20020312,2002-03-12,2002,3,Tuesday
20020313,2002-03-13,2002,3,Wednesday
20020314,2002-03-14,2002,3,Thursday
20020315,2002-03-15,2002,3,Friday
20020316,2002-03-16,2002,3,Saturday
20020317,2002-03-17,2002,3,Sunday
20020318,2002-03-18,2002,3,Monday
20020319,2002-03-19,2002,3,Tuesday
20020320,2002-03-20,2002,3,Wednesday
20020321,2002-03-21,2002,3,Thursday
20020322,2002-03-22,2002,3,Friday
20020323,2002-03-23,2002,3,Saturday
20020324,2002-03-24,2002,3,Sunday
20020325,2002-03-25,2002,3,Monday
20020326,2002-03-26,2002,3,Tuesday
20020327,2002-03-27,2002,3,Wednesday
20020328,2002-03-28,2002,3,Thursday
20020329,2002-03-29,2002,3,Friday
20020330,2002-03-30,2002,3,Saturday
20020331,2002-03-31,2002,3,Sunday
20020401,2002-04-01,2002,4,Monday
20020402,2002-04-02,2002,4,Tuesday
20020403,2002-04-03,2002,4,Wednesday
20020404,2002-04-04,2002,4,Thursday
20020405,2002-04-05,2002,4,Friday
20020406,2002-04-06,2002,4,Saturday
20020407,2002-04-07,2002,4,Sunday
20020408,2002-04-08,2002,4,Monday
20020409,2002-04-09,2002,4,Tuesday
20020410,2002-04-10,2002,4,Wednesday
20020411,2002-04-11,2002,4,Thursday
20020412,2002-04-12,2002,4,Friday
20020413,2002-04-13,2002,4,Saturday
20020414,2002-04-14,2002,4,Sunday
20020415,2002-04-15,2002,4,Monday
20020416,2002-04-16,2002,4,Tuesday
20020417,2002-04-17,2002,4,Wednesday
20020418,2002-04-18,2002,4,Thursday
20020419,2002-04-19,2002,4,Friday
20020420,2002-04-20,2002,4,Saturday
20020421,2002-04-21,2002,4,Sunday
20020422,2002-04-22,2002,4,Monday
20020423,2002-04-23,2002,4,Tuesday
20020424,2002-04-24,2002,4,Wednesday
20020425,2002-04-25,2002,4,Thursday
20020426,2002-04-26,2002,4,Friday
20020427,2002-04-27,2002,4,Saturday
20020428,2002-04-28,2002,4,Sunday
20020429,2002-04-29,2002,4,Monday
20020430,2002-04-30,2002,4,Tuesday
20020501,2002-05-01,2002,5,Wednesday
20020502,2002-05-02,2002,5,Thursday
20020503,2002-05-03,2002,5,Friday
20020504,2002-05-04,2002,5,Saturday
20020505,2002-05-05,2002,5,Sunday
20020506,2002-05-06,2002,5,Monday
20020507,2002-05-07,2002,5,Tuesday
20020508,2002-05-08,2002,5,Wednesday
20020509,2002-05-09,2002,5,Thursday
20020510,2002-05-10,2002,5,Friday
20020511,2002-05-11,2002,5,Saturday
20020512,2002-05-12,2002,5,Sunday
20020513,2002-05-13,2002,5,Monday
20020514,2002-05-14,2002,5,Tuesday
20020515,2002-05-15,2002,5,Wednesday
20020516,2002-05-16,2002,5,Thursday
20020517,2002-05-17,2002,5,Friday
20020518,2002-05-18,2002,5,Saturday
20020519,2002-05-19,2002,5,Sunday
20020520,2002-05-20,2002,5,Monday
20020521,2002-05-21,2002,5,Tuesday
20020522,2002-05-22,2002,5,Wednesday
20020523,2002-05-23,2002,5,Thursday
20020524,2002-05-24,2002,5,Friday
20020525,2002-05-25,2002,5,Saturday
20020526,2002-05-26,2002,5,Sunday
20020527,2002-05-27,2002,5,Monday
20020528,2002-05-28,2002,5,Tuesday
20020529,2002-05-29,2002,5,Wednesday
20020530,2002-05-30,2002,5,Thursday
20020531,2002-05-31,2002,5,Friday
20020601,2002-06-01,2002,6,Saturday
20020602,2002-06-02,2002,6,Sunday
20020603,2002-06-03,2002,6,Monday
20020604,2002-06-04,2002,6,Tuesday
20020605,2002-06-05,2002,6,Wednesday
20020606,2002-06-06,2002,6,Thursday
20020607,2002-06-07,2002,6,Friday
20020608,2002-06-08,2002,6,Saturday
20020609,2002-06-09,2002,6,Sunday
20020610,2002-06-10,2002,6,Monday
20020611,2002-06-11,2002,6,Tuesday
20020612,2002-06-12,2002,6,Wednesday
20020613,2002-06-13,2002,6,Thursday
20020614,2002-06-14,2002,6,Friday
20020615,2002-06-15,2002,6,Saturday
20020616,2002-06-16,2002,6,Sunday
20020617,2002-06-17,2002,6,Monday
20020618,2002-06-18,2002,6,Tuesday
20020619,2002-06-19,2002,6,Wednesday
20020620,2002-06-20,2002,6,Thursday
20020621,2002-06-21,2002,6,Friday
20020622,2002-06-22,2002,6,Saturday
20020623,2002-06-23,2002,6,Sunday
20020624,2002-06-24,2002,6,Monday
20020625,2002-06-25,2002,6,Tuesday
20020626,2002-06-26,2002,6,Wednesday
20020627,2002-06-27,2002,6,Thursday
20020628,2002-06-28,2002,6,Friday
20020629,2002-06-29,2002,6,Saturday
20020630,2002-06-30,2002,6,Sunday
20020701,2002-07-01,2002,7,Monday
20020702,2002-07-02,2002,7,Tuesday
20020703,2002-07-03,2002,7,Wednesday
20020704,2002-07-04,2002,7,Thursday
20020705,2002-07-05,2002,7,Friday
20020706,2002-07-06,2002,7,Saturday
20020707,2002-07-07,2002,7,Sunday
20020708,2002-07-08,2002,7,Monday
20020709,2002-07-09,2002,7,Tuesday
20020710,2002-07-10,2002,7,Wednesday
20020711,2002-07-11,2002,7,Thursday
20020712,2002-07-12,2002,7,Friday
20020713,2002-07-13,2002,7,Saturday
20020714,2002-07-14,2002,7,Sunday
20020715,2002-07-15,2002,7,Monday
20020716,2002-07-16,2002,7,Tuesday
20020717,2002-07-17,2002,7,Wednesday
20020718,2002-07-18,2002,7,Thursday
20020719,2002-07-19,2002,7,Friday
20020720,2002-07-20,2002,7,Saturday
20020721,2002-07-21,2002,7,Sunday
20020722,2002-07-22,2002,7,Monday
20020723,2002-07-23,2002,7,Tuesday
20020724,2002-07-24,2002,7,Wednesday
20020725,2002-07-25,2002,7,Thursday
20020726,2002-07-26,2002,7,Friday
20020727,2002-07-27,2002,7,Saturday
20020728,2002-07-28,2002,7,Sunday
20020729,2002-07-29,2002,7,Monday
20020730,2002-07-30,2002,7,Tuesday
20020731,2002-07-31,2002,7,Wednesday
20020801,2002-08-01,2002,8,Thursday
20020802,2002-08-02,2002,8,Friday
20020803,2002-08-03,2002,8,Saturday
20020804,2002-08-04,2002,8,Sunday
20020805,2002-08-05,2002,8,Monday
20020806,2002-08-06,2002,8,Tuesday
20020807,2002-08-07,2002,8,Wednesday
20020808,2002-08-08,2002,8,Thursday
20020809,2002-08-09,2002,8,Friday
20020810,2002-08-10,2002,8,Saturday
20020811,2002-08-11,2002,8,Sunday
20020812,2002-08-12,2002,8,Monday
20020813,2002-08-13,2002,8,Tuesday
20020814,2002-08-14,2002,8,Wednesday
20020815,2002-08-15,2002,8,Thursday
20020816,2002-08-16,2002,8,Friday
20020817,2002-08-17,2002,8,Saturday
20020818,2002-08-18,2002,8,Sunday
20020819,2002-08-19,2002,8,Monday
20020820,2002-08-20,2002,8,Tuesday
20020821,2002-08-21,2002,8,Wednesday
20020822,2002-08-22,2002,8,Thursday
20020823,2002-08-23,2002,8,Friday
20020824,2002-08-24,2002,8,Saturday
20020825,2002-08-25,2002,8,Sunday
20020826,2002-08-26,2002,8,Monday
20020827,2002-08-27,2002,8,Tuesday
20020828,2002-08-28,2002,8,Wednesday
20020829,2002-08-29,2002,8,Thursday
20020830,2002-08-30,2002,8,Friday
20020831,2002-08-31,2002,8,Saturday
20020901,2002-09-01,2002,9,Sunday
20020902,2002-09-02,2002,9,Monday
20020903,2002-09-03,2002,9,Tuesday
20020904,2002-09-04,2002,9,Wednesday
20020905,2002-09-05,2002,9,Thursday
20020906,2002-09-06,2002,9,Friday
20020907,2002-09-07,2002,9,Saturday
20020908,2002-09-08,2002,9,Sunday
20020909,2002-09-09,2002,9,Monday
20020910,2002-09-10,2002,9,Tuesday
20020911,2002-09-11,2002,9,Wednesday
20020912,2002-09-12,2002,9,Thursday
20020913,2002-09-13,2002,9,Friday
20020914,2002-09-14,2002,9,Saturday
20020915,2002-09-15,2002,9,Sunday
20020916,2002-09-16,2002,9,Monday
20020917,2002-09-17,2002,9,Tuesday
20020918,2002-09-18,2002,9,Wednesday
20020919,2002-09-19,2002,9,Thursday
20020920,2002-09-20,2002,9,Friday
20020921,2002-09-21,2002,9,Saturday
20020922,2002-09-22,2002,9,Sunday
20020923,2002-09-23,2002,9,Monday
20020924,2002-09-24,2002,9,Tuesday
20020925,2002-09-25,2002,9,Wednesday
20020926,2002-09-26,2002,9,Thursday
20020927,2002-09-27,2002,9,Friday
20020928,2002-09-28,2002,9,Saturday
20020929,2002-09-29,2002,9,Sunday
20020930,2002-09-30,2002,9,Monday
20021001,2002-10-01,2002,10,Tuesday
20021002,2002-10-02,2002,10,Wednesday
20021003,2002-10-03,2002,10,Thursday
20021004,2002-10-04,2002,10,Friday
20021005,2002-10-05,2002,10,Saturday
20021006,2002-10-06,2002,10,Sunday
20021007,2002-10-07,2002,10,Monday
20021008,2002-10-08,2002,10,Tuesday
20021009,2002-10-09,2002,10,Wednesday
20021010,2002-10-10,2002,10,Thursday
20021011,2002-10-11,2002,10,Friday
20021012,2002-10-12,2002,10,Saturday
20021013,2002-10-13,2002,10,Sunday
20021014,2002-10-14,2002,10,Monday
20021015,2002-10-15,2002,10,Tuesday
20021016,2002-10-16,2002,10,Wednesday
20021017,2002-10-17,2002,10,Thursday
20021018,2002-10-18,2002,10,Friday
20021019,2002-10-19,2002,10,Saturday
20021020,2002-10-20,2002,10,Sunday
20021021,2002-10-21,2002,10,Monday
20021022,2002-10-22,2002,10,Tuesday
20021023,2002-10-23,2002,10,Wednesday
20021024,2002-10-24,2002,10,Thursday
20021025,2002-10-25,2002,10,Friday
20021026,2002-10-26,2002,10,Saturday
20021027,2002-10-27,2002,10,Sunday
20021028,2002-10-28,2002,10,Monday
20021029,2002-10-29,2002,10,Tuesday
20021030,2002-10-30,2002,10,Wednesday
20021031,2002-10-31,2002,10,Thursday
20021101,2002-11-01,2002,11,Friday
20021102,2002-11-02,2002,11,Saturday
20021103,2002-11-03,2002,11,Sunday
20021104,2002-11-04,2002,11,Monday
20021105,2002-11-05,2002,11,Tuesday
20021106,2002-11-06,2002,11,Wednesday
20021107,2002-11-07,2002,11,Thursday
20021108,2002-11-08,2002,11,Friday
20021109,2002-11-09,2002,11,Saturday
20021110,2002-11-10,2002,11,Sunday
20021111,2002-11-11,2002,11,Monday
20021112,2002-11-12,2002,11,Tuesday
20021113,2002-11-13,2002,11,Wednesday
20021114,2002-11-14,2002,11,Thursday
20021115,2002-11-15,2002,11,Friday
20021116,2002-11-16,2002,11,Saturday
20021117,2002-11-17,2002,11,Sunday
20021118,2002-11-18,2002,11,Monday
20021119,2002-11-19,2002,11,Tuesday
20021120,2002-11-20,2002,11,Wednesday
20021121,2002-11-21,2002,11,Thursday
20021122,2002-11-22,2002,11,Friday
20021123,2002-11-23,2002,11,Saturday
20021124,2002-11-24,2002,11,Sunday
20021125,2002-11-25,2002,11,Monday
20021126,2002-11-26,2002,11,Tuesday
20021127,2002-11-27,2002,11,Wednesday
20021128,2002-11-28,2002,11,Thursday
20021129,2002-11-29,2002,11,Friday
20021130,2002-11-30,2002,11,Saturday
20021201,2002-12-01,2002,12,Sunday
20021202,2002-12-02,2002,12,Monday
20021203,2002-12-03,2002,12,Tuesday
20021204,2002-12-04,2002,12,Wednesday
20021205,2002-12-05,2002,12,Thursday
20021206,2002-12-06,2002,12,Friday
20021207,2002-12-07,2002,12,Saturday
20021208,2002-12-08,2002,12,Sunday
20021209,2002-12-09,2002,12,Monday
20021210,2002-12-10,2002,12,Tuesday
20021211,2002-12-11,2002,12,Wednesday
20021212,2002-12-12,2002,12,Thursday
20021213,2002-12-13,2002,12,Friday
20021214,2002-12-14,2002,12,Saturday
20021215,2002-12-15,2002,12,Sunday
20021216,2002-12-16,2002,12,Monday
20021217,2002-12-17,2002,12,Tuesday
20021218,2002-12-18,2002,12,Wednesday
20021219,2002-12-19,2002,12,Thursday
20021220,2002-12-20,2002,12,Friday
20021221,2002-12-21,2002,12,Saturday
20021222,2002-12-22,2002,12,Sunday
20021223,2002-12-23,2002,12,Monday
20021224,2002-12-24,2002,12,Tuesday
20021225,2002-12-25,2002,12,Wednesday
20021226,2002-12-26,2002,12,Thursday
20021227,2002-12-27,2002,12,Friday
20021228,2002-12-28,2002,12,Saturday
20021229,2002-12-29,2002,12,Sunday
20021230,2002-12-30,2002,12,Monday
20021231,2002-12-31,2002,12,Tuesday
20030101,2003-01-01,2003,1,Wednesday
20030102,2003-01-02,2003,1,Thursday
20030103,2003-01-03,2003,1,Friday
20030104,2003-01-04,2003,1,Saturday
20030105,2003-01-05,2003,1,Sunday
20030106,2003-01-06,2003,1,Monday
20030107,2003-01-07,2003,1,Tuesday
20030108,2003-01-08,2003,1,Wednesday
20030109,2003-01-09,2003,1,Thursday
20030110,2003-01-10,2003,1,Friday
20030111,2003-01-11,2003,1,Saturday
20030112,2003-01-12,2003,1,Sunday
20030113,2003-01-13,2003,1,Monday
20030114,2003-01-14,2003,1,Tuesday
20030115,2003-01-15,2003,1,Wednesday
20030116,2003-01-16,2003,1,Thursday
20030117,2003-01-17,2003,1,Friday
20030118,2003-01-18,2003,1,Saturday
20030119,2003-01-19,2003,1,Sunday
20030120,2003-01-20,2003,1,Monday
20030121,2003-01-21,2003,1,Tuesday
20030122,2003-01-22,2003,1,Wednesday
20030123,2003-01-23,2003,1,Thursday
20030124,2003-01-24,2003,1,Friday
20030125,2003-01-25,2003,1,Saturday
20030126,2003-01-26,2003,1,Sunday
20030127,2003-01-27,2003,1,Monday
20030128,2003-01-28,2003,1,Tuesday
20030129,2003-01-29,2003,1,Wednesday
20030130,2003-01-30,2003,1,Thursday
20030131,2003-01-31,2003,1,Friday
20030201,2003-02-01,2003,2,Saturday
20030202,2003-02-02,2003,2,Sunday
20030203,2003-02-03,2003,2,Monday
20030204,2003-02-04,2003,2,Tuesday
20030205,2003-02-05,2003,2,Wednesday
20030206,2003-02-06,2003,2,Thursday
20030207,2003-02-07,2003,2,Friday
20030208,2003-02-08,2003,2,Saturday
20030209,2003-02-09,2003,2,Sunday
20030210,2003-02-10,2003,2,Monday
20030211,2003-02-11,2003,2,Tuesday
20030212,2003-02-12,2003,2,Wednesday
20030213,2003-02-13,2003,2,Thursday
20030214,2003-02-14,2003,2,Friday
20030215,2003-02-15,2003,2,Saturday
20030216,2003-02-16,2003,2,Sunday
20030217,2003-02-17,2003,2,Monday
20030218,2003-02-18,2003,2,Tuesday
20030219,2003-02-19,2003,2,Wednesday
20030220,2003-02-20,2003,2,Thursday
20030221,2003-02-21,2003,2,Friday
20030222,2003-02-22,2003,2,Saturday
20030223,2003-02-23,2003,2,Sunday
20030224,2003-02-24,2003,2,Monday
20030225,2003-02-25,2003,2,Tuesday
20030226,2003-02-26,2003,2,Wednesday
20030227,2003-02-27,2003,2,Thursday
20030228,2003-02-28,2003,2,Friday
20030301,2003-03-01,2003,3,Saturday
20030302,2003-03-02,2003,3,Sunday
20030303,2003-03-03,2003,3,Monday
20030304,2003-03-04,2003,3,Tuesday
20030305,2003-03-05,2003,3,Wednesday
20030306,2003-03-06,2003,3,Thursday
20030307,2003-03-07,2003,3,Friday
20030308,2003-03-08,2003,3,Saturday
20030309,2003-03-09,2003,3,Sunday
20030310,2003-03-10,2003,3,Monday
20030311,2003-03-11,2003,3,Tuesday
20030312,2003-03-12,2003,3,Wednesday
20030313,2003-03-13,2003,3,Thursday
20030314,2003-03-14,2003,3,Friday
20030315,2003-03-15,2003,3,Saturday
20030316,2003-03-16,2003,3,Sunday
20030317,2003-03-17,2003,3,Monday
20030318,2003-03-18,2003,3,Tuesday
20030319,2003-03-19,2003,3,Wednesday
20030320,2003-03-20,2003,3,Thursday
20030321,2003-03-21,2003,3,Friday
20030322,2003-03-22,2003,3,Saturday
20030323,2003-03-23,2003,3,Sunday
20030324,2003-03-24,2003,3,Monday
20030325,2003-03-25,2003,3,Tuesday
20030326,2003-03-26,2003,3,Wednesday
20030327,2003-03-27,2003,3,Thursday
20030328,2003-03-28,2003,3,Friday
20030329,2003-03-29,2003,3,Saturday
20030330,2003-03-30,2003,3,Sunday
20030331,2003-03-31,2003,3,Monday
20030401,2003-04-01,2003,4,Tuesday
20030402,2003-04-02,2003,4,Wednesday
20030403,2003-04-03,2003,4,Thursday
20030404,2003-04-04,2003,4,Friday
20030405,2003-04-05,2003,4,Saturday
20030406,2003-04-06,2003,4,Sunday
20030407,2003-04-07,2003,4,Monday
20030408,2003-04-08,2003,4,Tuesday
20030409,2003-04-09,2003,4,Wednesday
20030410,2003-04-10,2003,4,Thursday
20030411,2003-04-11,2003,4,Friday
20030412,2003-04-12,2003,4,Saturday
20030413,2003-04-13,2003,4,Sunday
20030414,2003-04-14,2003,4,Monday
20030415,2003-04-15,2003,4,Tuesday
20030416,2003-04-16,2003,4,Wednesday
20030417,2003-04-17,2003,4,Thursday
20030418,2003-04-18,2003,4,Friday
20030419,2003-04-19,2003,4,Saturday
20030420,2003-04-20,2003,4,Sunday
20030421,2003-04-21,2003,4,Monday
20030422,2003-04-22,2003,4,Tuesday
20030423,2003-04-23,2003,4,Wednesday
20030424,2003-04-24,2003,4,Thursday
20030425,2003-04-25,2003,4,Friday
20030426,2003-04-26,2003,4,Saturday
20030427,2003-04-27,2003,4,Sunday
20030428,2003-04-28,2003,4,Monday
20030429,2003-04-29,2003,4,Tuesday
20030430,2003-04-30,2003,4,Wednesday
20030501,2003-05-01,2003,5,Thursday
20030502,2003-05-02,2003,5,Friday
20030503,2003-05-03,2003,5,Saturday
20030504,2003-05-04,2003,5,Sunday
20030505,2003-05-05,2003,5,Monday
20030506,2003-05-06,2003,5,Tuesday
20030507,2003-05-07,2003,5,Wednesday
20030508,2003-05-08,2003,5,Thursday
20030509,2003-05-09,2003,5,Friday
20030510,2003-05-10,2003,5,Saturday
20030511,2003-05-11,2003,5,Sunday
20030512,2003-05-12,2003,5,Monday
20030513,2003-05-13,2003,5,Tuesday
20030514,2003-05-14,2003,5,Wednesday
20030515,2003-05-15,2003,5,Thursday
20030516,2003-05-16,2003,5,Friday
20030517,2003-05-17,2003,5,Saturday
20030518,2003-05-18,2003,5,Sunday
20030519,2003-05-19,2003,5,Monday
20030520,2003-05-20,2003,5,Tuesday
20030521,2003-05-21,2003,5,Wednesday
20030522,2003-05-22,2003,5,Thursday
20030523,2003-05-23,2003,5,Friday
20030524,2003-05-24,2003,5,Saturday
20030525,2003-05-25,2003,5,Sunday
20030526,2003-05-26,2003,5,Monday
20030527,2003-05-27,2003,5,Tuesday
20030528,2003-05-28,2003,5,Wednesday
20030529,2003-05-29,2003,5,Thursday
20030530,2003-05-30,2003,5,Friday
20030531,2003-05-31,2003,5,Saturday
20030601,2003-06-01,2003,6,Sunday
20030602,2003-06-02,2003,6,Monday
20030603,2003-06-03,2003,6,Tuesday
20030604,2003-06-04,2003,6,Wednesday
20030605,2003-06-05,2003,6,Thursday
20030606,2003-06-06,2003,6,Friday
20030607,2003-06-07,2003,6,Saturday
20030608,2003-06-08,2003,6,Sunday
20030609,2003-06-09,2003,6,Monday
20030610,2003-06-10,2003,6,Tuesday
20030611,2003-06-11,2003,6,Wednesday
20030612,2003-06-12,2003,6,Thursday
20030613,2003-06-13,2003,6,Friday
20030614,2003-06-14,2003,6,Saturday
20030615,2003-06-15,2003,6,Sunday
20030616,2003-06-16,2003,6,Monday
20030617,2003-06-17,2003,6,Tuesday
20030618,2003-06-18,2003,6,Wednesday
20030619,2003-06-19,2003,6,Thursday
20030620,2003-06-20,2003,6,Friday
20030621,2003-06-21,2003,6,Saturday
20030622,2003-06-22,2003,6,Sunday
20030623,2003-06-23,2003,6,Monday
20030624,2003-06-24,2003,6,Tuesday
20030625,2003-06-25,2003,6,Wednesday
20030626,2003-06-26,2003,6,Thursday
20030627,2003-06-27,2003,6,Friday
20030628,2003-06-28,2003,6,Saturday
20030629,2003-06-29,2003,6,Sunday
20030630,2003-06-30,2003,6,Monday
20030701,2003-07-01,2003,7,Tuesday
20030702,2003-07-02,2003,7,Wednesday
20030703,2003-07-03,2003,7,Thursday
20030704,2003-07-04,2003,7,Friday
20030705,2003-07-05,2003,7,Saturday
20030706,2003-07-06,2003,7,Sunday
20030707,2003-07-07,2003,7,Monday
20030708,2003-07-08,2003,7,Tuesday
20030709,2003-07-09,2003,7,Wednesday
20030710,2003-07-10,2003,7,Thursday
20030711,2003-07-11,2003,7,Friday
20030712,2003-07-12,2003,7,Saturday
20030713,2003-07-13,2003,7,Sunday
20030714,2003-07-14,2003,7,Monday
20030715,2003-07-15,2003,7,Tuesday
20030716,2003-07-16,2003,7,Wednesday
20030717,2003-07-17,2003,7,Thursday
20030718,2003-07-18,2003,7,Friday
20030719,2003-07-19,2003,7,Saturday
20030720,2003-07-20,2003,7,Sunday
20030721,2003-07-21,2003,7,Monday
20030722,2003-07-22,2003,7,Tuesday
20030723,2003-07-23,2003,7,Wednesday
20030724,2003-07-24,2003,7,Thursday
20030725,2003-07-25,2003,7,Friday
20030726,2003-07-26,2003,7,Saturday
20030727,2003-07-27,2003,7,Sunday
20030728,2003-07-28,2003,7,Monday
20030729,2003-07-29,2003,7,Tuesday
20030730,2003-07-30,2003,7,Wednesday
20030731,2003-07-31,2003,7,Thursday
20030801,2003-08-01,2003,8,Friday
20030802,2003-08-02,2003,8,Saturday
20030803,2003-08-03,2003,8,Sunday
20030804,2003-08-04,2003,8,Monday
20030805,2003-08-05,2003,8,Tuesday
20030806,2003-08-06,2003,8,Wednesday
20030807,2003-08-07,2003,8,Thursday
20030808,2003-08-08,2003,8,Friday
20030809,2003-08-09,2003,8,Saturday
20030810,2003-08-10,2003,8,Sunday
20030811,2003-08-11,2003,8,Monday
20030812,2003-08-12,2003,8,Tuesday
20030813,2003-08-13,2003,8,Wednesday
20030814,2003-08-14,2003,8,Thursday
20030815,2003-08-15,2003,8,Friday
20030816,2003-08-16,2003,8,Saturday
20030817,2003-08-17,2003,8,Sunday
20030818,2003-08-18,2003,8,Monday
20030819,2003-08-19,2003,8,Tuesday
20030820,2003-08-20,2003,8,Wednesday
20030821,2003-08-21,2003,8,Thursday
20030822,2003-08-22,2003,8,Friday
20030823,2003-08-23,2003,8,Saturday
20030824,2003-08-24,2003,8,Sunday
20030825,2003-08-25,2003,8,Monday
20030826,2003-08-26,2003,8,Tuesday
20030827,2003-08-27,2003,8,Wednesday
20030828,2003-08-28,2003,8,Thursday
20030829,2003-08-29,2003,8,Friday
20030830,2003-08-30,2003,8,Saturday
20030831,2003-08-31,2003,8,Sunday
20030901,2003-09-01,2003,9,Monday
20030902,2003-09-02,2003,9,Tuesday
20030903,2003-09-03,2003,9,Wednesday
20030904,2003-09-04,2003,9,Thursday
20030905,2003-09-05,2003,9,Friday
20030906,2003-09-06,2003,9,Saturday
20030907,2003-09-07,2003,9,Sunday
20030908,2003-09-08,2003,9,Monday
20030909,2003-09-09,2003,9,Tuesday
20030910,2003-09-10,2003,9,Wednesday
20030911,2003-09-11,2003,9,Thursday
20030912,2003-09-12,2003,9,Friday
20030913,2003-09-13,2003,9,Saturday
20030914,2003-09-14,2003,9,Sunday
20030915,2003-09-15,2003,9,Monday
20030916,2003-09-16,2003,9,Tuesday
20030917,2003-09-17,2003,9,Wednesday
20030918,2003-09-18,2003,9,Thursday
20030919,2003-09-19,2003,9,Friday
20030920,2003-09-20,2003,9,Saturday
20030921,2003-09-21,2003,9,Sunday
20030922,2003-09-22,2003,9,Monday
20030923,2003-09-23,2003,9,Tuesday
20030924,2003-09-24,2003,9,Wednesday
20030925,2003-09-25,2003,9,Thursday
20030926,2003-09-26,2003,9,Friday
20030927,2003-09-27,2003,9,Saturday
20030928,2003-09-28,2003,9,Sunday
20030929,2003-09-29,2003,9,Monday
20030930,2003-09-30,2003,9,Tuesday
20031001,2003-10-01,2003,10,Wednesday
20031002,2003-10-02,2003,10,Thursday
20031003,2003-10-03,2003,10,Friday
20031004,2003-10-04,2003,10,Saturday
20031005,2003-10-05,2003,10,Sunday
20031006,2003-10-06,2003,10,Monday
20031007,2003-10-07,2003,10,Tuesday
20031008,2003-10-08,2003,10,Wednesday
20031009,2003-10-09,2003,10,Thursday
20031010,2003-10-10,2003,10,Friday
20031011,2003-10-11,2003,10,Saturday
20031012,2003-10-12,2003,10,Sunday
20031013,2003-10-13,2003,10,Monday
20031014,2003-10-14,2003,10,Tuesday
20031015,2003-10-15,2003,10,Wednesday
20031016,2003-10-16,2003,10,Thursday
20031017,2003-10-17,2003,10,Friday
20031018,2003-10-18,2003,10,Saturday
20031019,2003-10-19,2003,10,Sunday
20031020,2003-10-20,2003,10,Monday
20031021,2003-10-21,2003,10,Tuesday
20031022,2003-10-22,2003,10,Wednesday
20031023,2003-10-23,2003,10,Thursday
20031024,2003-10-24,2003,10,Friday
20031025,2003-10-25,2003,10,Saturday
20031026,2003-10-26,2003,10,Sunday
20031027,2003-10-27,2003,10,Monday
20031028,2003-10-28,2003,10,Tuesday
20031029,2003-10-29,2003,10,Wednesday
20031030,2003-10-30,2003,10,Thursday
20031031,2003-10-31,2003,10,Friday
20031101,2003-11-01,2003,11,Saturday
20031102,2003-11-02,2003,11,Sunday
20031103,2003-11-03,2003,11,Monday
20031104,2003-11-04,2003,11,Tuesday
20031105,2003-11-05,2003,11,Wednesday
20031106,2003-11-06,2003,11,Thursday
20031107,2003-11-07,2003,11,Friday
20031108,2003-11-08,2003,11,Saturday
20031109,2003-11-09,2003,11,Sunday
20031110,2003-11-10,2003,11,Monday
20031111,2003-11-11,2003,11,Tuesday
20031112,2003-11-12,2003,11,Wednesday
20031113,2003-11-13,2003,11,Thursday
20031114,2003-11-14,2003,11,Friday
20031115,2003-11-15,2003,11,Saturday
20031116,2003-11-16,2003,11,Sunday
20031117,2003-11-17,2003,11,Monday
20031118,2003-11-18,2003,11,Tuesday
20031119,2003-11-19,2003,11,Wednesday
20031120,2003-11-20,2003,11,Thursday
20031121,2003-11-21,2003,11,Friday
20031122,2003-11-22,2003,11,Saturday
20031123,2003-11-23,2003,11,Sunday
20031124,2003-11-24,2003,11,Monday
20031125,2003-11-25,2003,11,Tuesday
20031126,2003-11-26,2003,11,Wednesday
20031127,2003-11-27,2003,11,Thursday
20031128,2003-11-28,2003,11,Friday
20031129,2003-11-29,2003,11,Saturday
20031130,2003-11-30,2003,11,Sunday
20031201,2003-12-01,2003,12,Monday
20031202,2003-12-02,2003,12,Tuesday
20031203,2003-12-03,2003,12,Wednesday
20031204,2003-12-04,2003,12,Thursday
20031205,2003-12-05,2003,12,Friday
20031206,2003-12-06,2003,12,Saturday
20031207,2003-12-07,2003,12,Sunday
20031208,2003-12-08,2003,12,Monday
20031209,2003-12-09,2003,12,Tuesday
20031210,2003-12-10,2003,12,Wednesday
20031211,2003-12-11,2003,12,Thursday
20031212,2003-12-12,2003,12,Friday
20031213,2003-12-13,2003,12,Saturday
20031214,2003-12-14,2003,12,Sunday
20031215,2003-12-15,2003,12,Monday
20031216,2003-12-16,2003,12,Tuesday
20031217,2003-12-17,2003,12,Wednesday
20031218,2003-12-18,2003,12,Thursday
20031219,2003-12-19,2003,12,Friday
20031220,2003-12-20,2003,12,Saturday
20031221,2003-12-21,2003,12,Sunday
20031222,2003-12-22,2003,12,Monday
20031223,2003-12-23,2003,12,Tuesday
20031224,2003-12-24,2003,12,Wednesday
20031225,2003-12-25,2003,12,Thursday
20031226,2003-12-26,2003,12,Friday
20031227,2003-12-27,2003,12,Saturday
20031228,2003-12-28,2003,12,Sunday
20031229,2003-12-29,2003,12,Monday
20031230,2003-12-30,2003,12,Tuesday
20031231,2003-12-31,2003,12,Wednesday
20040101,2004-01-01,2004,1,Thursday
20040102,2004-01-02,2004,1,Friday
20040103,2004-01-03,2004,1,Saturday
20040104,2004-01-04,2004,1,Sunday
20040105,2004-01-05,2004,1,Monday
20040106,2004-01-06,2004,1,Tuesday
20040107,2004-01-07,2004,1,Wednesday
20040108,2004-01-08,2004,1,Thursday
20040109,2004-01-09,2004,1,Friday
20040110,2004-01-10,2004,1,Saturday
20040111,2004-01-11,2004,1,Sunday
20040112,2004-01-12,2004,1,Monday
20040113,2004-01-13,2004,1,Tuesday
20040114,2004-01-14,2004,1,Wednesday
20040115,2004-01-15,2004,1,Thursday
20040116,2004-01-16,2004,1,Friday
20040117,2004-01-17,2004,1,Saturday
20040118,2004-01-18,2004,1,Sunday
20040119,2004-01-19,2004,1,Monday
20040120,2004-01-20,2004,1,Tuesday
20040121,2004-01-21,2004,1,Wednesday
20040122,2004-01-22,2004,1,Thursday
20040123,2004-01-23,2004,1,Friday
20040124,2004-01-24,2004,1,Saturday
20040125,2004-01-25,2004,1,Sunday
20040126,2004-01-26,2004,1,Monday
20040127,2004-01-27,2004,1,Tuesday
20040128,2004-01-28,2004,1,Wednesday
20040129,2004-01-29,2004,1,Thursday
20040130,2004-01-30,2004,1,Friday
20040131,2004-01-31,2004,1,Saturday
20040201,2004-02-01,2004,2,Sunday
20040202,2004-02-02,2004,2,Monday
20040203,2004-02-03,2004,2,Tuesday
20040204,2004-02-04,2004,2,Wednesday
20040205,2004-02-05,2004,2,Thursday
20040206,2004-02-06,2004,2,Friday
20040207,2004-02-07,2004,2,Saturday
20040208,2004-02-08,2004,2,Sunday
20040209,2004-02-09,2004,2,Monday
20040210,2004-02-10,2004,2,Tuesday
20040211,2004-02-11,2004,2,Wednesday
20040212,2004-02-12,2004,2,Thursday
20040213,2004-02-13,2004,2,Friday
20040214,2004-02-14,2004,2,Saturday
20040215,2004-02-15,2004,2,Sunday
20040216,2004-02-16,2004,2,Monday
20040217,2004-02-17,2004,2,Tuesday
20040218,2004-02-18,2004,2,Wednesday
20040219,2004-02-19,2004,2,Thursday
20040220,2004-02-20,2004,2,Friday
20040221,2004-02-21,2004,2,Saturday
20040222,2004-02-22,2004,2,Sunday
20040223,2004-02-23,2004,2,Monday
20040224,2004-02-24,2004,2,Tuesday
20040225,2004-02-25,2004,2,Wednesday
20040226,2004-02-26,2004,2,Thursday
20040227,2004-02-27,2004,2,Friday
20040228,2004-02-28,2004,2,Saturday
20040229,2004-02-29,2004,2,Sunday
20040301,2004-03-01,2004,3,Monday
20040302,2004-03-02,2004,3,Tuesday
20040303,2004-03-03,2004,3,Wednesday
20040304,2004-03-04,2004,3,Thursday
20040305,2004-03-05,2004,3,Friday
20040306,2004-03-06,2004,3,Saturday
20040307,2004-03-07,2004,3,Sunday
20040308,2004-03-08,2004,3,Monday
20040309,2004-03-09,2004,3,Tuesday
20040310,2004-03-10,2004,3,Wednesday
20040311,2004-03-11,2004,3,Thursday
20040312,2004-03-12,2004,3,Friday
20040313,2004-03-13,2004,3,Saturday
20040314,2004-03-14,2004,3,Sunday
20040315,2004-03-15,2004,3,Monday
20040316,2004-03-16,2004,3,Tuesday
20040317,2004-03-17,2004,3,Wednesday
20040318,2004-03-18,2004,3,Thursday
20040319,2004-03-19,2004,3,Friday
20040320,2004-03-20,2004,3,Saturday
20040321,2004-03-21,2004,3,Sunday
20040322,2004-03-22,2004,3,Monday
20040323,2004-03-23,2004,3,Tuesday
20040324,2004-03-24,2004,3,Wednesday
20040325,2004-03-25,2004,3,Thursday
20040326,2004-03-26,2004,3,Friday
20040327,2004-03-27,2004,3,Saturday
20040328,2004-03-28,2004,3,Sunday
20040329,2004-03-29,2004,3,Monday
20040330,2004-03-30,2004,3,Tuesday
20040331,2004-03-31,2004,3,Wednesday
20040401,2004-04-01,2004,4,Thursday
20040402,2004-04-02,2004,4,Friday
20040403,2004-04-03,2004,4,Saturday
20040404,2004-04-04,2004,4,Sunday
20040405,2004-04-05,2004,4,Monday
20040406,2004-04-06,2004,4,Tuesday
20040407,2004-04-07,2004,4,Wednesday
20040408,2004-04-08,2004,4,Thursday
20040409,2004-04-09,2004,4,Friday
20040410,2004-04-10,2004,4,Saturday
20040411,2004-04-11,2004,4,Sunday
20040412,2004-04-12,2004,4,Monday
20040413,2004-04-13,2004,4,Tuesday
20040414,2004-04-14,2004,4,Wednesday
20040415,2004-04-15,2004,4,Thursday
20040416,2004-04-16,2004,4,Friday
20040417,2004-04-17,2004,4,Saturday
20040418,2004-04-18,2004,4,Sunday
20040419,2004-04-19,2004,4,Monday
20040420,2004-04-20,2004,4,Tuesday
20040421,2004-04-21,2004,4,Wednesday
20040422,2004-04-22,2004,4,Thursday
20040423,2004-04-23,2004,4,Friday
20040424,2004-04-24,2004,4,Saturday
20040425,2004-04-25,2004,4,Sunday
20040426,2004-04-26,2004,4,Monday
20040427,2004-04-27,2004,4,Tuesday
20040428,2004-04-28,2004,4,Wednesday
20040429,2004-04-29,2004,4,Thursday
20040430,2004-04-30,2004,4,Friday
20040501,2004-05-01,2004,5,Saturday
20040502,2004-05-02,2004,5,Sunday
20040503,2004-05-03,2004,5,Monday
20040504,2004-05-04,2004,5,Tuesday
20040505,2004-05-05,2004,5,Wednesday
20040506,2004-05-06,2004,5,Thursday
20040507,2004-05-07,2004,5,Friday
20040508,2004-05-08,2004,5,Saturday
20040509,2004-05-09,2004,5,Sunday
20040510,2004-05-10,2004,5,Monday
20040511,2004-05-11,2004,5,Tuesday
20040512,2004-05-12,2004,5,Wednesday
20040513,2004-05-13,2004,5,Thursday
20040514,2004-05-14,2004,5,Friday
20040515,2004-05-15,2004,5,Saturday
20040516,2004-05-16,2004,5,Sunday
20040517,2004-05-17,2004,5,Monday
20040518,2004-05-18,2004,5,Tuesday
20040519,2004-05-19,2004,5,Wednesday
20040520,2004-05-20,2004,5,Thursday
20040521,2004-05-21,2004,5,Friday
20040522,2004-05-22,2004,5,Saturday
20040523,2004-05-23,2004,5,Sunday
20040524,2004-05-24,2004,5,Monday
20040525,2004-05-25,2004,5,Tuesday
20040526,2004-05-26,2004,5,Wednesday
20040527,2004-05-27,2004,5,Thursday
20040528,2004-05-28,2004,5,Friday
20040529,2004-05-29,2004,5,Saturday
20040530,2004-05-30,2004,5,Sunday
20040531,2004-05-31,2004,5,Monday
20040601,2004-06-01,2004,6,Tuesday
20040602,2004-06-02,2004,6,Wednesday
20040603,2004-06-03,2004,6,Thursday
20040604,2004-06-04,2004,6,Friday
20040605,2004-06-05,2004,6,Saturday
20040606,2004-06-06,2004,6,Sunday
20040607,2004-06-07,2004,6,Monday
20040608,2004-06-08,2004,6,Tuesday
20040609,2004-06-09,2004,6,Wednesday
20040610,2004-06-10,2004,6,Thursday
20040611,2004-06-11,2004,6,Friday
20040612,2004-06-12,2004,6,Saturday
20040613,2004-06-13,2004,6,Sunday
20040614,2004-06-14,2004,6,Monday
20040615,2004-06-15,2004,6,Tuesday
20040616,2004-06-16,2004,6,Wednesday
20040617,2004-06-17,2004,6,Thursday
20040618,2004-06-18,2004,6,Friday
20040619,2004-06-19,2004,6,Saturday
20040620,2004-06-20,2004,6,Sunday
20040621,2004-06-21,2004,6,Monday
20040622,2004-06-22,2004,6,Tuesday
20040623,2004-06-23,2004,6,Wednesday
20040624,2004-06-24,2004,6,Thursday
20040625,2004-06-25,2004,6,Friday
20040626,2004-06-26,2004,6,Saturday
20040627,2004-06-27,2004,6,Sunday
20040628,2004-06-28,2004,6,Monday
20040629,2004-06-29,2004,6,Tuesday
20040630,2004-06-30,2004,6,Wednesday
20040701,2004-07-01,2004,7,Thursday
20040702,2004-07-02,2004,7,Friday
20040703,2004-07-03,2004,7,Saturday
20040704,2004-07-04,2004,7,Sunday
20040705,2004-07-05,2004,7,Monday
20040706,2004-07-06,2004,7,Tuesday
20040707,2004-07-07,2004,7,Wednesday
20040708,2004-07-08,2004,7,Thursday
20040709,2004-07-09,2004,7,Friday
20040710,2004-07-10,2004,7,Saturday
20040711,2004-07-11,2004,7,Sunday
20040712,2004-07-12,2004,7,Monday
20040713,2004-07-13,2004,7,Tuesday
20040714,2004-07-14,2004,7,Wednesday
20040715,2004-07-15,2004,7,Thursday
20040716,2004-07-16,2004,7,Friday
20040717,2004-07-17,2004,7,Saturday
20040718,2004-07-18,2004,7,Sunday
20040719,2004-07-19,2004,7,Monday
20040720,2004-07-20,2004,7,Tuesday
20040721,2004-07-21,2004,7,Wednesday
20040722,2004-07-22,2004,7,Thursday
20040723,2004-07-23,2004,7,Friday
20040724,2004-07-24,2004,7,Saturday
20040725,2004-07-25,2004,7,Sunday
20040726,2004-07-26,2004,7,Monday
20040727,2004-07-27,2004,7,Tuesday
20040728,2004-07-28,2004,7,Wednesday
20040729,2004-07-29,2004,7,Thursday
20040730,2004-07-30,2004,7,Friday
20040731,2004-07-31,2004,7,Saturday
20040801,2004-08-01,2004,8,Sunday
20040802,2004-08-02,2004,8,Monday
20040803,2004-08-03,2004,8,Tuesday
20040804,2004-08-04,2004,8,Wednesday
20040805,2004-08-05,2004,8,Thursday
20040806,2004-08-06,2004,8,Friday
20040807,2004-08-07,2004,8,Saturday
20040808,2004-08-08,2004,8,Sunday
20040809,2004-08-09,2004,8,Monday
20040810,2004-08-10,2004,8,Tuesday
20040811,2004-08-11,2004,8,Wednesday
20040812,2004-08-12,2004,8,Thursday
20040813,2004-08-13,2004,8,Friday
20040814,2004-08-14,2004,8,Saturday
20040815,2004-08-15,2004,8,Sunday
20040816,2004-08-16,2004,8,Monday
20040817,2004-08-17,2004,8,Tuesday
20040818,2004-08-18,2004,8,Wednesday
20040819,2004-08-19,2004,8,Thursday
20040820,2004-08-20,2004,8,Friday
20040821,2004-08-21,2004,8,Saturday
20040822,2004-08-22,2004,8,Sunday
20040823,2004-08-23,2004,8,Monday
20040824,2004-08-24,2004,8,Tuesday
20040825,2004-08-25,2004,8,Wednesday
20040826,2004-08-26,2004,8,Thursday
20040827,2004-08-27,2004,8,Friday
20040828,2004-08-28,2004,8,Saturday
20040829,2004-08-29,2004,8,Sunday
20040830,2004-08-30,2004,8,Monday
20040831,2004-08-31,2004,8,Tuesday
20040901,2004-09-01,2004,9,Wednesday
20040902,2004-09-02,2004,9,Thursday
20040903,2004-09-03,2004,9,Friday
20040904,2004-09-04,2004,9,Saturday
20040905,2004-09-05,2004,9,Sunday
20040906,2004-09-06,2004,9,Monday
20040907,2004-09-07,2004,9,Tuesday
20040908,2004-09-08,2004,9,Wednesday
20040909,2004-09-09,2004,9,Thursday
20040910,2004-09-10,2004,9,Friday
20040911,2004-09-11,2004,9,Saturday
20040912,2004-09-12,2004,9,Sunday
20040913,2004-09-13,2004,9,Monday
20040914,2004-09-14,2004,9,Tuesday
20040915,2004-09-15,2004,9,Wednesday
20040916,2004-09-16,2004,9,Thursday
20040917,2004-09-17,2004,9,Friday
20040918,2004-09-18,2004,9,Saturday
20040919,2004-09-19,2004,9,Sunday
20040920,2004-09-20,2004,9,Monday
20040921,2004-09-21,2004,9,Tuesday
20040922,2004-09-22,2004,9,Wednesday
20040923,2004-09-23,2004,9,Thursday
20040924,2004-09-24,2004,9,Friday
20040925,2004-09-25,2004,9,Saturday
20040926,2004-09-26,2004,9,Sunday
20040927,2004-09-27,2004,9,Monday
20040928,2004-09-28,2004,9,Tuesday
20040929,2004-09-29,2004,9,Wednesday
20040930,2004-09-30,2004,9,Thursday
20041001,2004-10-01,2004,10,Friday
20041002,2004-10-02,2004,10,Saturday
20041003,2004-10-03,2004,10,Sunday
20041004,2004-10-04,2004,10,Monday
20041005,2004-10-05,2004,10,Tuesday
20041006,2004-10-06,2004,10,Wednesday
20041007,2004-10-07,2004,10,Thursday
20041008,2004-10-08,2004,10,Friday
20041009,2004-10-09,2004,10,Saturday
20041010,2004-10-10,2004,10,Sunday
20041011,2004-10-11,2004,10,Monday
20041012,2004-10-12,2004,10,Tuesday
20041013,2004-10-13,2004,10,Wednesday
20041014,2004-10-14,2004,10,Thursday
20041015,2004-10-15,2004,10,Friday
20041016,2004-10-16,2004,10,Saturday
20041017,2004-10-17,2004,10,Sunday
20041018,2004-10-18,2004,10,Monday
20041019,2004-10-19,2004,10,Tuesday
20041020,2004-10-20,2004,10,Wednesday
20041021,2004-10-21,2004,10,Thursday
20041022,2004-10-22,2004,10,Friday
20041023,2004-10-23,2004,10,Saturday
20041024,2004-10-24,2004,10,Sunday
20041025,2004-10-25,2004,10,Monday
20041026,2004-10-26,2004,10,Tuesday
20041027,2004-10-27,2004,10,Wednesday
20041028,2004-10-28,2004,10,Thursday
20041029,2004-10-29,2004,10,Friday
20041030,2004-10-30,2004,10,Saturday
20041031,2004-10-31,2004,10,Sunday
20041101,2004-11-01,2004,11,Monday
20041102,2004-11-02,2004,11,Tuesday
20041103,2004-11-03,2004,11,Wednesday
20041104,2004-11-04,2004,11,Thursday
20041105,2004-11-05,2004,11,Friday
20041106,2004-11-06,2004,11,Saturday
20041107,2004-11-07,2004,11,Sunday
20041108,2004-11-08,2004,11,Monday
20041109,2004-11-09,2004,11,Tuesday
20041110,2004-11-10,2004,11,Wednesday
20041111,2004-11-11,2004,11,Thursday
20041112,2004-11-12,2004,11,Friday
20041113,2004-11-13,2004,11,Saturday
20041114,2004-11-14,2004,11,Sunday
20041115,2004-11-15,2004,11,Monday
20041116,2004-11-16,2004,11,Tuesday
20041117,2004-11-17,2004,11,Wednesday
20041118,2004-11-18,2004,11,Thursday
20041119,2004-11-19,2004,11,Friday
20041120,2004-11-20,2004,11,Saturday
20041121,2004-11-21,2004,11,Sunday
20041122,2004-11-22,2004,11,Monday
20041123,2004-11-23,2004,11,Tuesday
20041124,2004-11-24,2004,11,Wednesday
20041125,2004-11-25,2004,11,Thursday
20041126,2004-11-26,2004,11,Friday
20041127,2004-11-27,2004,11,Saturday
20041128,2004-11-28,2004,11,Sunday
20041129,2004-11-29,2004,11,Monday
20041130,2004-11-30,2004,11,Tuesday
20041201,2004-12-01,2004,12,Wednesday
20041202,2004-12-02,2004,12,Thursday
20041203,2004-12-03,2004,12,Friday
20041204,2004-12-04,2004,12,Saturday
20041205,2004-12-05,2004,12,Sunday
20041206,2004-12-06,2004,12,Monday
20041207,2004-12-07,2004,12,Tuesday
20041208,2004-12-08,2004,12,Wednesday
20041209,2004-12-09,2004,12,Thursday
20041210,2004-12-10,2004,12,Friday
20041211,2004-12-11,2004,12,Saturday
20041212,2004-12-12,2004,12,Sunday
20041213,2004-12-13,2004,12,Monday
20041214,2004-12-14,2004,12,Tuesday
20041215,2004-12-15,2004,12,Wednesday
20041216,2004-12-16,2004,12,Thursday
20041217,2004-12-17,2004,12,Friday
20041218,2004-12-18,2004,12,Saturday
20041219,2004-12-19,2004,12,Sunday
20041220,2004-12-20,2004,12,Monday
20041221,2004-12-21,2004,12,Tuesday
20041222,2004-12-22,2004,12,Wednesday
20041223,2004-12-23,2004,12,Thursday
20041224,2004-12-24,2004,12,Friday
20041225,2004-12-25,2004,12,Saturday
20041226,2004-12-26,2004,12,Sunday
20041227,2004-12-27,2004,12,Monday
20041228,2004-12-28,2004,12,Tuesday
20041229,2004-12-29,2004,12,Wednesday
20041230,2004-12-30,2004,12,Thursday
20041231,2004-12-31,2004,12,Friday
20050101,2005-01-01,2005,1,Saturday
20050102,2005-01-02,2005,1,Sunday
20050103,2005-01-03,2005,1,Monday
20050104,2005-01-04,2005,1,Tuesday
20050105,2005-01-05,2005,1,Wednesday
20050106,2005-01-06,2005,1,Thursday
20050107,2005-01-07,2005,1,Friday
20050108,2005-01-08,2005,1,Saturday
20050109,2005-01-09,2005,1,Sunday
20050110,2005-01-10,2005,1,Monday
20050111,2005-01-11,2005,1,Tuesday
20050112,2005-01-12,2005,1,Wednesday
20050113,2005-01-13,2005,1,Thursday
20050114,2005-01-14,2005,1,Friday
20050115,2005-01-15,2005,1,Saturday
20050116,2005-01-16,2005,1,Sunday
20050117,2005-01-17,2005,1,Monday
20050118,2005-01-18,2005,1,Tuesday
20050119,2005-01-19,2005,1,Wednesday
20050120,2005-01-20,2005,1,Thursday
20050121,2005-01-21,2005,1,Friday
20050122,2005-01-22,2005,1,Saturday
20050123,2005-01-23,2005,1,Sunday
20050124,2005-01-24,2005,1,Monday
20050125,2005-01-25,2005,1,Tuesday
20050126,2005-01-26,2005,1,Wednesday
20050127,2005-01-27,2005,1,Thursday
20050128,2005-01-28,2005,1,Friday
20050129,2005-01-29,2005,1,Saturday
20050130,2005-01-30,2005,1,Sunday
20050131,2005-01-31,2005,1,Monday
20050201,2005-02-01,2005,2,Tuesday
20050202,2005-02-02,2005,2,Wednesday
20050203,2005-02-03,2005,2,Thursday
20050204,2005-02-04,2005,2,Friday
20050205,2005-02-05,2005,2,Saturday
20050206,2005-02-06,2005,2,Sunday
20050207,2005-02-07,2005,2,Monday
20050208,2005-02-08,2005,2,Tuesday
20050209,2005-02-09,2005,2,Wednesday
20050210,2005-02-10,2005,2,Thursday
20050211,2005-02-11,2005,2,Friday
20050212,2005-02-12,2005,2,Saturday
20050213,2005-02-13,2005,2,Sunday
20050214,2005-02-14,2005,2,Monday
20050215,2005-02-15,2005,2,Tuesday
20050216,2005-02-16,2005,2,Wednesday
20050217,2005-02-17,2005,2,Thursday
20050218,2005-02-18,2005,2,Friday
20050219,2005-02-19,2005,2,Saturday
20050220,2005-02-20,2005,2,Sunday
20050221,2005-02-21,2005,2,Monday
20050222,2005-02-22,2005,2,Tuesday
20050223,2005-02-23,2005,2,Wednesday
20050224,2005-02-24,2005,2,Thursday
20050225,2005-02-25,2005,2,Friday
20050226,2005-02-26,2005,2,Saturday
20050227,2005-02-27,2005,2,Sunday
20050228,2005-02-28,2005,2,Monday
20050301,2005-03-01,2005,3,Tuesday
20050302,2005-03-02,2005,3,Wednesday
20050303,2005-03-03,2005,3,Thursday
20050304,2005-03-04,2005,3,Friday
20050305,2005-03-05,2005,3,Saturday
20050306,2005-03-06,2005,3,Sunday
20050307,2005-03-07,2005,3,Monday
20050308,2005-03-08,2005,3,Tuesday
20050309,2005-03-09,2005,3,Wednesday
20050310,2005-03-10,2005,3,Thursday
20050311,2005-03-11,2005,3,Friday
20050312,2005-03-12,2005,3,Saturday
20050313,2005-03-13,2005,3,Sunday
20050314,2005-03-14,2005,3,Monday
20050315,2005-03-15,2005,3,Tuesday
20050316,2005-03-16,2005,3,Wednesday
20050317,2005-03-17,2005,3,Thursday
20050318,2005-03-18,2005,3,Friday
20050319,2005-03-19,2005,3,Saturday
20050320,2005-03-20,2005,3,Sunday
20050321,2005-03-21,2005,3,Monday
20050322,2005-03-22,2005,3,Tuesday
20050323,2005-03-23,2005,3,Wednesday
20050324,2005-03-24,2005,3,Thursday
20050325,2005-03-25,2005,3,Friday
20050326,2005-03-26,2005,3,Saturday
20050327,2005-03-27,2005,3,Sunday
20050328,2005-03-28,2005,3,Monday
20050329,2005-03-29,2005,3,Tuesday
20050330,2005-03-30,2005,3,Wednesday
20050331,2005-03-31,2005,3,Thursday
20050401,2005-04-01,2005,4,Friday
20050402,2005-04-02,2005,4,Saturday
20050403,2005-04-03,2005,4,Sunday
20050404,2005-04-04,2005,4,Monday
20050405,2005-04-05,2005,4,Tuesday
20050406,2005-04-06,2005,4,Wednesday
20050407,2005-04-07,2005,4,Thursday
20050408,2005-04-08,2005,4,Friday
20050409,2005-04-09,2005,4,Saturday
20050410,2005-04-10,2005,4,Sunday
20050411,2005-04-11,2005,4,Monday
20050412,2005-04-12,2005,4,Tuesday
20050413,2005-04-13,2005,4,Wednesday
20050414,2005-04-14,2005,4,Thursday
20050415,2005-04-15,2005,4,Friday
20050416,2005-04-16,2005,4,Saturday
20050417,2005-04-17,2005,4,Sunday
20050418,2005-04-18,2005,4,Monday
20050419,2005-04-19,2005,4,Tuesday
20050420,2005-04-20,2005,4,Wednesday
20050421,2005-04-21,2005,4,Thursday
20050422,2005-04-22,2005,4,Friday
20050423,2005-04-23,2005,4,Saturday
20050424,2005-04-24,2005,4,Sunday
20050425,2005-04-25,2005,4,Monday
20050426,2005-04-26,2005,4,Tuesday
20050427,2005-04-27,2005,4,Wednesday
20050428,2005-04-28,2005,4,Thursday
20050429,2005-04-29,2005,4,Friday
20050430,2005-04-30,2005,4,Saturday
20050501,2005-05-01,2005,5,Sunday
20050502,2005-05-02,2005,5,Monday
20050503,2005-05-03,2005,5,Tuesday
20050504,2005-05-04,2005,5,Wednesday
20050505,2005-05-05,2005,5,Thursday
20050506,2005-05-06,2005,5,Friday
20050507,2005-05-07,2005,5,Saturday
20050508,2005-05-08,2005,5,Sunday
20050509,2005-05-09,2005,5,Monday
20050510,2005-05-10,2005,5,Tuesday
20050511,2005-05-11,2005,5,Wednesday
20050512,2005-05-12,2005,5,Thursday
20050513,2005-05-13,2005,5,Friday
20050514,2005-05-14,2005,5,Saturday
20050515,2005-05-15,2005,5,Sunday
20050516,2005-05-16,2005,5,Monday
20050517,2005-05-17,2005,5,Tuesday
20050518,2005-05-18,2005,5,Wednesday
20050519,2005-05-19,2005,5,Thursday
20050520,2005-05-20,2005,5,Friday
20050521,2005-05-21,2005,5,Saturday
20050522,2005-05-22,2005,5,Sunday
20050523,2005-05-23,2005,5,Monday
20050524,2005-05-24,2005,5,Tuesday
20050525,2005-05-25,2005,5,Wednesday
20050526,2005-05-26,2005,5,Thursday
20050527,2005-05-27,2005,5,Friday
20050528,2005-05-28,2005,5,Saturday
20050529,2005-05-29,2005,5,Sunday
20050530,2005-05-30,2005,5,Monday
20050531,2005-05-31,2005,5,Tuesday
20050601,2005-06-01,2005,6,Wednesday
20050602,2005-06-02,2005,6,Thursday
20050603,2005-06-03,2005,6,Friday
20050604,2005-06-04,2005,6,Saturday
20050605,2005-06-05,2005,6,Sunday
20050606,2005-06-06,2005,6,Monday
20050607,2005-06-07,2005,6,Tuesday
20050608,2005-06-08,2005,6,Wednesday
20050609,2005-06-09,2005,6,Thursday
20050610,2005-06-10,2005,6,Friday
20050611,2005-06-11,2005,6,Saturday
20050612,2005-06-12,2005,6,Sunday
20050613,2005-06-13,2005,6,Monday
20050614,2005-06-14,2005,6,Tuesday
20050615,2005-06-15,2005,6,Wednesday
20050616,2005-06-16,2005,6,Thursday
20050617,2005-06-17,2005,6,Friday
20050618,2005-06-18,2005,6,Saturday
20050619,2005-06-19,2005,6,Sunday
20050620,2005-06-20,2005,6,Monday
20050621,2005-06-21,2005,6,Tuesday
20050622,2005-06-22,2005,6,Wednesday
20050623,2005-06-23,2005,6,Thursday
20050624,2005-06-24,2005,6,Friday
20050625,2005-06-25,2005,6,Saturday
20050626,2005-06-26,2005,6,Sunday
20050627,2005-06-27,2005,6,Monday
20050628,2005-06-28,2005,6,Tuesday
20050629,2005-06-29,2005,6,Wednesday
20050630,2005-06-30,2005,6,Thursday
20050701,2005-07-01,2005,7,Friday
20050702,2005-07-02,2005,7,Saturday
20050703,2005-07-03,2005,7,Sunday
20050704,2005-07-04,2005,7,Monday
20050705,2005-07-05,2005,7,Tuesday
20050706,2005-07-06,2005,7,Wednesday
20050707,2005-07-07,2005,7,Thursday
20050708,2005-07-08,2005,7,Friday
20050709,2005-07-09,2005,7,Saturday
20050710,2005-07-10,2005,7,Sunday
20050711,2005-07-11,2005,7,Monday
20050712,2005-07-12,2005,7,Tuesday
20050713,2005-07-13,2005,7,Wednesday
20050714,2005-07-14,2005,7,Thursday
20050715,2005-07-15,2005,7,Friday
20050716,2005-07-16,2005,7,Saturday
20050717,2005-07-17,2005,7,Sunday
20050718,2005-07-18,2005,7,Monday
20050719,2005-07-19,2005,7,Tuesday
20050720,2005-07-20,2005,7,Wednesday
20050721,2005-07-21,2005,7,Thursday
20050722,2005-07-22,2005,7,Friday
20050723,2005-07-23,2005,7,Saturday
20050724,2005-07-24,2005,7,Sunday
20050725,2005-07-25,2005,7,Monday
20050726,2005-07-26,2005,7,Tuesday
20050727,2005-07-27,2005,7,Wednesday
20050728,2005-07-28,2005,7,Thursday
20050729,2005-07-29,2005,7,Friday
20050730,2005-07-30,2005,7,Saturday
20050731,2005-07-31,2005,7,Sunday
20050801,2005-08-01,2005,8,Monday
20050802,2005-08-02,2005,8,Tuesday
20050803,2005-08-03,2005,8,Wednesday
20050804,2005-08-04,2005,8,Thursday
20050805,2005-08-05,2005,8,Friday
20050806,2005-08-06,2005,8,Saturday
20050807,2005-08-07,2005,8,Sunday
20050808,2005-08-08,2005,8,Monday
20050809,2005-08-09,2005,8,Tuesday
20050810,2005-08-10,2005,8,Wednesday
20050811,2005-08-11,2005,8,Thursday
20050812,2005-08-12,2005,8,Friday
20050813,2005-08-13,2005,8,Saturday
20050814,2005-08-14,2005,8,Sunday
20050815,2005-08-15,2005,8,Monday
20050816,2005-08-16,2005,8,Tuesday
20050817,2005-08-17,2005,8,Wednesday
20050818,2005-08-18,2005,8,Thursday
20050819,2005-08-19,2005,8,Friday
20050820,2005-08-20,2005,8,Saturday
20050821,2005-08-21,2005,8,Sunday
20050822,2005-08-22,2005,8,Monday
20050823,2005-08-23,2005,8,Tuesday
20050824,2005-08-24,2005,8,Wednesday
20050825,2005-08-25,2005,8,Thursday
20050826,2005-08-26,2005,8,Friday
20050827,2005-08-27,2005,8,Saturday
20050828,2005-08-28,2005,8,Sunday
20050829,2005-08-29,2005,8,Monday
20050830,2005-08-30,2005,8,Tuesday
20050831,2005-08-31,2005,8,Wednesday
20050901,2005-09-01,2005,9,Thursday
20050902,2005-09-02,2005,9,Friday
20050903,2005-09-03,2005,9,Saturday
20050904,2005-09-04,2005,9,Sunday
20050905,2005-09-05,2005,9,Monday
20050906,2005-09-06,2005,9,Tuesday
20050907,2005-09-07,2005,9,Wednesday
20050908,2005-09-08,2005,9,Thursday
20050909,2005-09-09,2005,9,Friday
20050910,2005-09-10,2005,9,Saturday
20050911,2005-09-11,2005,9,Sunday
20050912,2005-09-12,2005,9,Monday
20050913,2005-09-13,2005,9,Tuesday
20050914,2005-09-14,2005,9,Wednesday
20050915,2005-09-15,2005,9,Thursday
20050916,2005-09-16,2005,9,Friday
20050917,2005-09-17,2005,9,Saturday
20050918,2005-09-18,2005,9,Sunday
20050919,2005-09-19,2005,9,Monday
20050920,2005-09-20,2005,9,Tuesday
20050921,2005-09-21,2005,9,Wednesday
20050922,2005-09-22,2005,9,Thursday
20050923,2005-09-23,2005,9,Friday
20050924,2005-09-24,2005,9,Saturday
20050925,2005-09-25,2005,9,Sunday
20050926,2005-09-26,2005,9,Monday
20050927,2005-09-27,2005,9,Tuesday
20050928,2005-09-28,2005,9,Wednesday
20050929,2005-09-29,2005,9,Thursday
20050930,2005-09-30,2005,9,Friday
20051001,2005-10-01,2005,10,Saturday
20051002,2005-10-02,2005,10,Sunday
20051003,2005-10-03,2005,10,Monday
20051004,2005-10-04,2005,10,Tuesday
20051005,2005-10-05,2005,10,Wednesday
20051006,2005-10-06,2005,10,Thursday
20051007,2005-10-07,2005,10,Friday
20051008,2005-10-08,2005,10,Saturday
20051009,2005-10-09,2005,10,Sunday
20051010,2005-10-10,2005,10,Monday
20051011,2005-10-11,2005,10,Tuesday
20051012,2005-10-12,2005,10,Wednesday
20051013,2005-10-13,2005,10,Thursday
20051014,2005-10-14,2005,10,Friday
20051015,2005-10-15,2005,10,Saturday
20051016,2005-10-16,2005,10,Sunday
20051017,2005-10-17,2005,10,Monday
20051018,2005-10-18,2005,10,Tuesday
20051019,2005-10-19,2005,10,Wednesday
20051020,2005-10-20,2005,10,Thursday
20051021,2005-10-21,2005,10,Friday
20051022,2005-10-22,2005,10,Saturday
20051023,2005-10-23,2005,10,Sunday
20051024,2005-10-24,2005,10,Monday
20051025,2005-10-25,2005,10,Tuesday
20051026,2005-10-26,2005,10,Wednesday
20051027,2005-10-27,2005,10,Thursday
20051028,2005-10-28,2005,10,Friday
20051029,2005-10-29,2005,10,Saturday
20051030,2005-10-30,2005,10,Sunday
20051031,2005-10-31,2005,10,Monday
20051101,2005-11-01,2005,11,Tuesday
20051102,2005-11-02,2005,11,Wednesday
20051103,2005-11-03,2005,11,Thursday
20051104,2005-11-04,2005,11,Friday
20051105,2005-11-05,2005,11,Saturday
20051106,2005-11-06,2005,11,Sunday
20051107,2005-11-07,2005,11,Monday
20051108,2005-11-08,2005,11,Tuesday
20051109,2005-11-09,2005,11,Wednesday
20051110,2005-11-10,2005,11,Thursday
20051111,2005-11-11,2005,11,Friday
20051112,2005-11-12,2005,11,Saturday
20051113,2005-11-13,2005,11,Sunday
20051114,2005-11-14,2005,11,Monday
20051115,2005-11-15,2005,11,Tuesday
20051116,2005-11-16,2005,11,Wednesday
20051117,2005-11-17,2005,11,Thursday
20051118,2005-11-18,2005,11,Friday
20051119,2005-11-19,2005,11,Saturday
20051120,2005-11-20,2005,11,Sunday
20051121,2005-11-21,2005,11,Monday
20051122,2005-11-22,2005,11,Tuesday
20051123,2005-11-23,2005,11,Wednesday
20051124,2005-11-24,2005,11,Thursday
20051125,2005-11-25,2005,11,Friday
20051126,2005-11-26,2005,11,Saturday
20051127,2005-11-27,2005,11,Sunday
20051128,2005-11-28,2005,11,Monday
20051129,2005-11-29,2005,11,Tuesday
20051130,2005-11-30,2005,11,Wednesday
20051201,2005-12-01,2005,12,Thursday
20051202,2005-12-02,2005,12,Friday
20051203,2005-12-03,2005,12,Saturday
20051204,2005-12-04,2005,12,Sunday
20051205,2005-12-05,2005,12,Monday
20051206,2005-12-06,2005,12,Tuesday
20051207,2005-12-07,2005,12,Wednesday
20051208,2005-12-08,2005,12,Thursday
20051209,2005-12-09,2005,12,Friday
20051210,2005-12-10,2005,12,Saturday
20051211,2005-12-11,2005,12,Sunday
20051212,2005-12-12,2005,12,Monday
20051213,2005-12-13,2005,12,Tuesday
20051214,2005-12-14,2005,12,Wednesday
20051215,2005-12-15,2005,12,Thursday
20051216,2005-12-16,2005,12,Friday
20051217,2005-12-17,2005,12,Saturday
20051218,2005-12-18,2005,12,Sunday
20051219,2005-12-19,2005,12,Monday
20051220,2005-12-20,2005,12,Tuesday
20051221,2005-12-21,2005,12,Wednesday
20051222,2005-12-22,2005,12,Thursday
20051223,2005-12-23,2005,12,Friday
20051224,2005-12-24,2005,12,Saturday
20051225,2005-12-25,2005,12,Sunday
20051226,2005-12-26,2005,12,Monday
20051227,2005-12-27,2005,12,Tuesday
20051228,2005-12-28,2005,12,Wednesday
20051229,2005-12-29,2005,12,Thursday
20051230,2005-12-30,2005,12,Friday
20051231,2005-12-31,2005,12,Saturday
